image path,y_true,y_pred
dataset\vtuber\amamiya\amamiya_00160_0.png,0.0,0.0
dataset\vtuber\amamiya\amamiya_01106_0.png,0.0,0.0
dataset\vtuber\amamiya\amamiya_00638_0.png,0.0,0.0
dataset\vtuber\amamiya\amamiya_01183_0.png,0.0,0.0
dataset\vtuber\amamiya\amamiya_00465_0.png,0.0,0.0
dataset\vtuber\amamiya\amamiya_00407_0.png,0.0,0.0
dataset\vtuber\amamiya\amamiya_01012_0.png,0.0,0.0
dataset\vtuber\amamiya\amamiya_00716_0.png,0.0,0.0
dataset\vtuber\amamiya\amamiya_00923_0.png,0.0,0.0
dataset\vtuber\amamiya\amamiya_01254_0.png,0.0,0.0
dataset\vtuber\amamiya\amamiya_00401_0.png,0.0,0.0
dataset\vtuber\amamiya\amamiya_00346_0.png,0.0,0.0
dataset\vtuber\amamiya\amamiya_00999_0.png,0.0,0.0
dataset\vtuber\amamiya\amamiya_01053_0.png,0.0,0.0
dataset\vtuber\amamiya\amamiya_00484_0.png,0.0,0.0
dataset\vtuber\amamiya\amamiya_00365_0.png,0.0,0.0
dataset\vtuber\amamiya\amamiya_00967_0.png,0.0,0.0
dataset\vtuber\amamiya\amamiya_01123_0.png,0.0,0.0
dataset\vtuber\amamiya\amamiya_01052_0.png,0.0,0.0
dataset\vtuber\amamiya\amamiya_00920_0.png,0.0,0.0
dataset\vtuber\amamiya\amamiya_01130_0.png,0.0,0.0
dataset\vtuber\amamiya\amamiya_00913_0.png,0.0,0.0
dataset\vtuber\amamiya\amamiya_00088_0.png,0.0,0.0
dataset\vtuber\amamiya\amamiya_00383_0.png,0.0,0.0
dataset\vtuber\amamiya\amamiya_00718_0.png,0.0,0.0
dataset\vtuber\amamiya\amamiya_00052_0.png,0.0,0.0
dataset\vtuber\amamiya\amamiya_01093_0.png,0.0,0.0
dataset\vtuber\amamiya\amamiya_00387_0.png,0.0,0.0
dataset\vtuber\amamiya\amamiya_00941_0.png,0.0,0.0
dataset\vtuber\amamiya\amamiya_00132_0.png,0.0,0.0
dataset\vtuber\amamiya\amamiya_01236_0.png,0.0,0.0
dataset\vtuber\amamiya\amamiya_00453_0.png,0.0,0.0
dataset\vtuber\amamiya\amamiya_00701_0.png,0.0,0.0
dataset\vtuber\amamiya\amamiya_00587_0.png,0.0,0.0
dataset\vtuber\amamiya\amamiya_00390_0.png,0.0,0.0
dataset\vtuber\amamiya\amamiya_01160_0.png,0.0,0.0
dataset\vtuber\amamiya\amamiya_01086_0.png,0.0,0.0
dataset\vtuber\amamiya\amamiya_00919_0.png,0.0,0.0
dataset\vtuber\amamiya\amamiya_00382_0.png,0.0,0.0
dataset\vtuber\amamiya\amamiya_01042_0.png,0.0,0.0
dataset\vtuber\amamiya\amamiya_01050_0.png,0.0,0.0
dataset\vtuber\amamiya\amamiya_01134_0.png,0.0,0.0
dataset\vtuber\amamiya\amamiya_00617_0.png,0.0,0.0
dataset\vtuber\amamiya\amamiya_01079_0.png,0.0,0.0
dataset\vtuber\amamiya\amamiya_01110_0.png,0.0,0.0
dataset\vtuber\amamiya\amamiya_00891_0.png,0.0,0.0
dataset\vtuber\amamiya\amamiya_00911_0.png,0.0,0.0
dataset\vtuber\amamiya\amamiya_00982_0.png,0.0,0.0
dataset\vtuber\amamiya\amamiya_00670_0.png,0.0,0.0
dataset\vtuber\amamiya\amamiya_00423_0.png,0.0,0.0
dataset\vtuber\ange\ange_00819_0.png,1.0,1.0
dataset\vtuber\ange\ange_01111_0.png,1.0,1.0
dataset\vtuber\ange\ange_01127_0.png,1.0,1.0
dataset\vtuber\ange\ange_00490_0.png,1.0,1.0
dataset\vtuber\ange\ange_00825_0.png,1.0,1.0
dataset\vtuber\ange\ange_00869_0.png,1.0,1.0
dataset\vtuber\ange\ange_01075_0.png,1.0,1.0
dataset\vtuber\ange\ange_00423_0.png,1.0,1.0
dataset\vtuber\ange\ange_00289_0.png,1.0,1.0
dataset\vtuber\ange\ange_00523_0.png,1.0,1.0
dataset\vtuber\ange\ange_00563_0.png,1.0,1.0
dataset\vtuber\ange\ange_00516_0.png,1.0,1.0
dataset\vtuber\ange\ange_01180_0.png,1.0,1.0
dataset\vtuber\ange\ange_01072_0.png,1.0,1.0
dataset\vtuber\ange\ange_00623_0.png,1.0,1.0
dataset\vtuber\ange\ange_01123_0.png,1.0,1.0
dataset\vtuber\ange\ange_00453_0.png,1.0,1.0
dataset\vtuber\ange\ange_00755_2.png,1.0,1.0
dataset\vtuber\ange\ange_00341_0.png,1.0,1.0
dataset\vtuber\ange\ange_00629_0.png,1.0,1.0
dataset\vtuber\ange\ange_00267_0.png,1.0,1.0
dataset\vtuber\ange\ange_00037_0.png,1.0,1.0
dataset\vtuber\ange\ange_00104_0.png,1.0,1.0
dataset\vtuber\ange\ange_01057_0.png,1.0,1.0
dataset\vtuber\ange\ange_00701_0.png,1.0,1.0
dataset\vtuber\ange\ange_00600_0.png,1.0,1.0
dataset\vtuber\ange\ange_00612_0.png,1.0,1.0
dataset\vtuber\ange\ange_00032_0.png,1.0,1.0
dataset\vtuber\ange\ange_01105_0.png,1.0,1.0
dataset\vtuber\ange\ange_00286_0.png,1.0,1.0
dataset\vtuber\ange\ange_00877_0.png,1.0,1.0
dataset\vtuber\ange\ange_01068_0.png,1.0,1.0
dataset\vtuber\ange\ange_00190_0.png,1.0,1.0
dataset\vtuber\ange\ange_01223_0.png,1.0,1.0
dataset\vtuber\ange\ange_00542_0.png,1.0,1.0
dataset\vtuber\ange\ange_00678_0.png,1.0,1.0
dataset\vtuber\ange\ange_00463_0.png,1.0,1.0
dataset\vtuber\ange\ange_00295_0.png,1.0,1.0
dataset\vtuber\ange\ange_00196_0.png,1.0,1.0
dataset\vtuber\ange\ange_00610_0.png,1.0,1.0
dataset\vtuber\ange\ange_01062_0.png,1.0,1.0
dataset\vtuber\ange\ange_00661_0.png,1.0,1.0
dataset\vtuber\ange\ange_00879_0.png,1.0,1.0
dataset\vtuber\ange\ange_00767_0.png,1.0,1.0
dataset\vtuber\ange\ange_00761_2.png,1.0,1.0
dataset\vtuber\ange\ange_01226_0.png,1.0,1.0
dataset\vtuber\ange\ange_00827_0.png,1.0,1.0
dataset\vtuber\ange\ange_00352_0.png,1.0,1.0
dataset\vtuber\ange\ange_00339_0.png,1.0,1.0
dataset\vtuber\ange\ange_01204_0.png,1.0,1.0
dataset\vtuber\aqua\aqua_00849_0.png,2.0,2.0
dataset\vtuber\aqua\aqua_00814_0.png,2.0,2.0
dataset\vtuber\aqua\aqua_00248_0.png,2.0,2.0
dataset\vtuber\aqua\aqua_00982_0.png,2.0,2.0
dataset\vtuber\aqua\aqua_00858_0.png,2.0,2.0
dataset\vtuber\aqua\aqua_00615_0.png,2.0,2.0
dataset\vtuber\aqua\aqua_00691_0.png,2.0,2.0
dataset\vtuber\aqua\aqua_01012_0.png,2.0,2.0
dataset\vtuber\aqua\aqua_00246_0.png,2.0,2.0
dataset\vtuber\aqua\aqua_00766_0.png,2.0,2.0
dataset\vtuber\aqua\aqua_00241_0.png,2.0,2.0
dataset\vtuber\aqua\aqua_01003_0.png,2.0,2.0
dataset\vtuber\aqua\aqua_00690_0.png,2.0,2.0
dataset\vtuber\aqua\aqua_00212_0.png,2.0,2.0
dataset\vtuber\aqua\aqua_00953_0.png,2.0,2.0
dataset\vtuber\aqua\aqua_00178_0.png,2.0,2.0
dataset\vtuber\aqua\aqua_00861_0.png,2.0,2.0
dataset\vtuber\aqua\aqua_00716_0.png,2.0,2.0
dataset\vtuber\aqua\aqua_00764_0.png,2.0,2.0
dataset\vtuber\aqua\aqua_00725_0.png,2.0,2.0
dataset\vtuber\aqua\aqua_00940_0.png,2.0,2.0
dataset\vtuber\aqua\aqua_00129_0.png,2.0,2.0
dataset\vtuber\aqua\aqua_00745_0.png,2.0,2.0
dataset\vtuber\aqua\aqua_00522_0.png,2.0,2.0
dataset\vtuber\aqua\aqua_00518_0.png,2.0,2.0
dataset\vtuber\aqua\aqua_00569_0.png,2.0,2.0
dataset\vtuber\aqua\aqua_00959_0.png,2.0,2.0
dataset\vtuber\aqua\aqua_00111_0.png,2.0,2.0
dataset\vtuber\aqua\aqua_00963_0.png,2.0,2.0
dataset\vtuber\aqua\aqua_01071_0.png,2.0,2.0
dataset\vtuber\aqua\aqua_00151_0.png,2.0,2.0
dataset\vtuber\aqua\aqua_00948_0.png,2.0,2.0
dataset\vtuber\aqua\aqua_00692_0.png,2.0,2.0
dataset\vtuber\aqua\aqua_01009_0.png,2.0,2.0
dataset\vtuber\aqua\aqua_00941_0.png,2.0,2.0
dataset\vtuber\aqua\aqua_00912_0.png,2.0,2.0
dataset\vtuber\aqua\aqua_00878_0.png,2.0,2.0
dataset\vtuber\aqua\aqua_00952_0.png,2.0,2.0
dataset\vtuber\aqua\aqua_00850_0.png,2.0,2.0
dataset\vtuber\aqua\aqua_00210_0.png,2.0,2.0
dataset\vtuber\aqua\aqua_00232_0.png,2.0,2.0
dataset\vtuber\aqua\aqua_00841_0.png,2.0,2.0
dataset\vtuber\aqua\aqua_00974_0.png,2.0,2.0
dataset\vtuber\aqua\aqua_01025_1.png,2.0,2.0
dataset\vtuber\aqua\aqua_00721_0.png,2.0,2.0
dataset\vtuber\aqua\aqua_00580_0.png,2.0,2.0
dataset\vtuber\aqua\aqua_00680_0.png,2.0,2.0
dataset\vtuber\aqua\aqua_00760_0.png,2.0,2.0
dataset\vtuber\aqua\aqua_00943_0.png,2.0,2.0
dataset\vtuber\aqua\aqua_00683_0.png,2.0,2.0
dataset\vtuber\fubuki\fubuki_00809_0.png,3.0,3.0
dataset\vtuber\fubuki\fubuki_00188_0.png,3.0,3.0
dataset\vtuber\fubuki\fubuki_00661_0.png,3.0,3.0
dataset\vtuber\fubuki\fubuki_01319_0.png,3.0,3.0
dataset\vtuber\fubuki\fubuki_00170_0.png,3.0,3.0
dataset\vtuber\fubuki\fubuki_00663_0.png,3.0,3.0
dataset\vtuber\fubuki\fubuki_01295_0.png,3.0,3.0
dataset\vtuber\fubuki\fubuki_01066_0.png,3.0,3.0
dataset\vtuber\fubuki\fubuki_01029_0.png,3.0,3.0
dataset\vtuber\fubuki\fubuki_01286_0.png,3.0,3.0
dataset\vtuber\fubuki\fubuki_00116_0.png,3.0,3.0
dataset\vtuber\fubuki\fubuki_00520_0.png,3.0,3.0
dataset\vtuber\fubuki\fubuki_00606_0.png,3.0,3.0
dataset\vtuber\fubuki\fubuki_01039_0.png,3.0,3.0
dataset\vtuber\fubuki\fubuki_00775_0.png,3.0,3.0
dataset\vtuber\fubuki\fubuki_01148_0.png,3.0,3.0
dataset\vtuber\fubuki\fubuki_00968_0.png,3.0,3.0
dataset\vtuber\fubuki\fubuki_00380_0.png,3.0,3.0
dataset\vtuber\fubuki\fubuki_00915_0.png,3.0,3.0
dataset\vtuber\fubuki\fubuki_00486_0.png,3.0,3.0
dataset\vtuber\fubuki\fubuki_00894_0.png,3.0,3.0
dataset\vtuber\fubuki\fubuki_01157_0.png,3.0,3.0
dataset\vtuber\fubuki\fubuki_01253_0.png,3.0,3.0
dataset\vtuber\fubuki\fubuki_00875_0.png,3.0,3.0
dataset\vtuber\fubuki\fubuki_01127_0.png,3.0,3.0
dataset\vtuber\fubuki\fubuki_00768_0.png,3.0,3.0
dataset\vtuber\fubuki\fubuki_00207_0.png,3.0,3.0
dataset\vtuber\fubuki\fubuki_00720_0.png,3.0,3.0
dataset\vtuber\fubuki\fubuki_00461_0.png,3.0,3.0
dataset\vtuber\fubuki\fubuki_00257_0.png,3.0,3.0
dataset\vtuber\fubuki\fubuki_00141_0.png,3.0,3.0
dataset\vtuber\fubuki\fubuki_00481_0.png,3.0,3.0
dataset\vtuber\fubuki\fubuki_01282_0.png,3.0,3.0
dataset\vtuber\fubuki\fubuki_01145_0.png,3.0,3.0
dataset\vtuber\fubuki\fubuki_01101_0.png,3.0,3.0
dataset\vtuber\fubuki\fubuki_00300_0.png,3.0,3.0
dataset\vtuber\fubuki\fubuki_01092_0.png,3.0,3.0
dataset\vtuber\fubuki\fubuki_00600_0.png,3.0,3.0
dataset\vtuber\fubuki\fubuki_00950_0.png,3.0,3.0
dataset\vtuber\fubuki\fubuki_00615_0.png,3.0,3.0
dataset\vtuber\fubuki\fubuki_01140_0.png,3.0,3.0
dataset\vtuber\fubuki\fubuki_00307_0.png,3.0,3.0
dataset\vtuber\fubuki\fubuki_00259_0.png,3.0,3.0
dataset\vtuber\fubuki\fubuki_00920_0.png,3.0,3.0
dataset\vtuber\fubuki\fubuki_01009_0.png,3.0,3.0
dataset\vtuber\fubuki\fubuki_00133_0.png,3.0,3.0
dataset\vtuber\fubuki\fubuki_00421_0.png,3.0,3.0
dataset\vtuber\fubuki\fubuki_00327_0.png,3.0,3.0
dataset\vtuber\fubuki\fubuki_00885_0.png,3.0,3.0
dataset\vtuber\fubuki\fubuki_01002_0.png,3.0,3.0
dataset\vtuber\hakase\hakase_00404_0.png,4.0,4.0
dataset\vtuber\hakase\hakase_01152_0.png,4.0,4.0
dataset\vtuber\hakase\hakase_01234_0.png,4.0,4.0
dataset\vtuber\hakase\hakase_01066_0.png,4.0,4.0
dataset\vtuber\hakase\hakase_00297_0.png,4.0,4.0
dataset\vtuber\hakase\hakase_00043_0.png,4.0,4.0
dataset\vtuber\hakase\hakase_00810_0.png,4.0,4.0
dataset\vtuber\hakase\hakase_01243_0.png,4.0,4.0
dataset\vtuber\hakase\hakase_00080_0.png,4.0,4.0
dataset\vtuber\hakase\hakase_00354_0.png,4.0,4.0
dataset\vtuber\hakase\hakase_00452_0.png,4.0,4.0
dataset\vtuber\hakase\hakase_00900_0.png,4.0,4.0
dataset\vtuber\hakase\hakase_01145_0.png,4.0,4.0
dataset\vtuber\hakase\hakase_00766_0.png,4.0,4.0
dataset\vtuber\hakase\hakase_00490_0.png,4.0,4.0
dataset\vtuber\hakase\hakase_00219_0.png,4.0,4.0
dataset\vtuber\hakase\hakase_00206_0.png,4.0,4.0
dataset\vtuber\hakase\hakase_00552_0.png,4.0,4.0
dataset\vtuber\hakase\hakase_01155_0.png,4.0,4.0
dataset\vtuber\hakase\hakase_00986_0.png,4.0,4.0
dataset\vtuber\hakase\hakase_00713_0.png,4.0,4.0
dataset\vtuber\hakase\hakase_00278_0.png,4.0,4.0
dataset\vtuber\hakase\hakase_00950_0.png,4.0,4.0
dataset\vtuber\hakase\hakase_00111_0.png,4.0,4.0
dataset\vtuber\hakase\hakase_00631_0.png,4.0,4.0
dataset\vtuber\hakase\hakase_01199_0.png,4.0,4.0
dataset\vtuber\hakase\hakase_00601_0.png,4.0,4.0
dataset\vtuber\hakase\hakase_00245_0.png,4.0,4.0
dataset\vtuber\hakase\hakase_00879_0.png,4.0,4.0
dataset\vtuber\hakase\hakase_01013_0.png,4.0,4.0
dataset\vtuber\hakase\hakase_00686_0.png,4.0,4.0
dataset\vtuber\hakase\hakase_00543_0.png,4.0,4.0
dataset\vtuber\hakase\hakase_00231_0.png,4.0,4.0
dataset\vtuber\hakase\hakase_01049_0.png,4.0,4.0
dataset\vtuber\hakase\hakase_00238_0.png,4.0,4.0
dataset\vtuber\hakase\hakase_01132_0.png,4.0,4.0
dataset\vtuber\hakase\hakase_00102_0.png,4.0,4.0
dataset\vtuber\hakase\hakase_00423_0.png,4.0,4.0
dataset\vtuber\hakase\hakase_00338_0.png,4.0,4.0
dataset\vtuber\hakase\hakase_00735_0.png,4.0,4.0
dataset\vtuber\hakase\hakase_01191_0.png,4.0,4.0
dataset\vtuber\hakase\hakase_00768_0.png,4.0,4.0
dataset\vtuber\hakase\hakase_00837_0.png,4.0,4.0
dataset\vtuber\hakase\hakase_00782_0.png,4.0,4.0
dataset\vtuber\hakase\hakase_00005_0.png,4.0,4.0
dataset\vtuber\hakase\hakase_00976_0.png,4.0,4.0
dataset\vtuber\hakase\hakase_01094_0.png,4.0,4.0
dataset\vtuber\hakase\hakase_00416_0.png,4.0,4.0
dataset\vtuber\hakase\hakase_00669_0.png,4.0,4.0
dataset\vtuber\hakase\hakase_00487_0.png,4.0,4.0
dataset\vtuber\hoshikawa\hoshikawa_00686_0.png,5.0,5.0
dataset\vtuber\hoshikawa\hoshikawa_00152_0.png,5.0,5.0
dataset\vtuber\hoshikawa\hoshikawa_00248_0.png,5.0,5.0
dataset\vtuber\hoshikawa\hoshikawa_00081_0.png,5.0,5.0
dataset\vtuber\hoshikawa\hoshikawa_00166_0.png,5.0,5.0
dataset\vtuber\hoshikawa\hoshikawa_00991_0.png,5.0,5.0
dataset\vtuber\hoshikawa\hoshikawa_00822_0.png,5.0,5.0
dataset\vtuber\hoshikawa\hoshikawa_00859_0.png,5.0,5.0
dataset\vtuber\hoshikawa\hoshikawa_00478_0.png,5.0,5.0
dataset\vtuber\hoshikawa\hoshikawa_00949_0.png,5.0,5.0
dataset\vtuber\hoshikawa\hoshikawa_00813_0.png,5.0,5.0
dataset\vtuber\hoshikawa\hoshikawa_00506_0.png,5.0,5.0
dataset\vtuber\hoshikawa\hoshikawa_00511_0.png,5.0,5.0
dataset\vtuber\hoshikawa\hoshikawa_00751_0.png,5.0,5.0
dataset\vtuber\hoshikawa\hoshikawa_00586_0.png,5.0,5.0
dataset\vtuber\hoshikawa\hoshikawa_00771_0.png,5.0,5.0
dataset\vtuber\hoshikawa\hoshikawa_00433_0.png,5.0,5.0
dataset\vtuber\hoshikawa\hoshikawa_00024_0.png,5.0,5.0
dataset\vtuber\hoshikawa\hoshikawa_00029_0.png,5.0,5.0
dataset\vtuber\hoshikawa\hoshikawa_00683_0.png,5.0,5.0
dataset\vtuber\hoshikawa\hoshikawa_00902_0.png,5.0,5.0
dataset\vtuber\hoshikawa\hoshikawa_00671_0.png,5.0,5.0
dataset\vtuber\hoshikawa\hoshikawa_00809_0.png,5.0,5.0
dataset\vtuber\hoshikawa\hoshikawa_00592_0.png,5.0,5.0
dataset\vtuber\hoshikawa\hoshikawa_00906_0.png,5.0,5.0
dataset\vtuber\hoshikawa\hoshikawa_00452_0.png,5.0,5.0
dataset\vtuber\hoshikawa\hoshikawa_00195_0.png,5.0,5.0
dataset\vtuber\hoshikawa\hoshikawa_00987_0.png,5.0,5.0
dataset\vtuber\hoshikawa\hoshikawa_00110_0.png,5.0,5.0
dataset\vtuber\hoshikawa\hoshikawa_00590_0.png,5.0,5.0
dataset\vtuber\hoshikawa\hoshikawa_00705_0.png,5.0,5.0
dataset\vtuber\hoshikawa\hoshikawa_00693_0.png,5.0,5.0
dataset\vtuber\hoshikawa\hoshikawa_00208_0.png,5.0,5.0
dataset\vtuber\hoshikawa\hoshikawa_00551_0.png,5.0,5.0
dataset\vtuber\hoshikawa\hoshikawa_00270_0.png,5.0,5.0
dataset\vtuber\hoshikawa\hoshikawa_00374_0.png,5.0,5.0
dataset\vtuber\hoshikawa\hoshikawa_00926_0.png,5.0,5.0
dataset\vtuber\hoshikawa\hoshikawa_00646_0.png,5.0,5.0
dataset\vtuber\hoshikawa\hoshikawa_00964_0.png,5.0,5.0
dataset\vtuber\hoshikawa\hoshikawa_00576_0.png,5.0,5.0
dataset\vtuber\hoshikawa\hoshikawa_00908_0.png,5.0,5.0
dataset\vtuber\hoshikawa\hoshikawa_00482_0.png,5.0,5.0
dataset\vtuber\hoshikawa\hoshikawa_00261_0.png,5.0,5.0
dataset\vtuber\hoshikawa\hoshikawa_00243_0.png,5.0,5.0
dataset\vtuber\hoshikawa\hoshikawa_00691_0.png,5.0,5.0
dataset\vtuber\hoshikawa\hoshikawa_00794_0.png,5.0,5.0
dataset\vtuber\hoshikawa\hoshikawa_00966_0.png,5.0,5.0
dataset\vtuber\hoshikawa\hoshikawa_00107_0.png,5.0,5.0
dataset\vtuber\hoshikawa\hoshikawa_00722_0.png,5.0,5.0
dataset\vtuber\hoshikawa\hoshikawa_00846_0.png,5.0,5.0
dataset\vtuber\inui\inui_00155_0.png,6.0,6.0
dataset\vtuber\inui\inui_00067_0.png,6.0,6.0
dataset\vtuber\inui\inui_00576_0.png,6.0,6.0
dataset\vtuber\inui\inui_00229_0.png,6.0,6.0
dataset\vtuber\inui\inui_00544_0.png,6.0,6.0
dataset\vtuber\inui\inui_00160_0.png,6.0,6.0
dataset\vtuber\inui\inui_00603_0.png,6.0,6.0
dataset\vtuber\inui\inui_00086_0.png,6.0,6.0
dataset\vtuber\inui\inui_00146_0.png,6.0,6.0
dataset\vtuber\inui\inui_00539_0.png,6.0,6.0
dataset\vtuber\inui\inui_00201_0.png,6.0,6.0
dataset\vtuber\inui\inui_00101_0.png,6.0,6.0
dataset\vtuber\inui\inui_00339_0.png,6.0,6.0
dataset\vtuber\inui\inui_00082_0.png,6.0,6.0
dataset\vtuber\inui\inui_00213_0.png,6.0,6.0
dataset\vtuber\inui\inui_00234_0.png,6.0,6.0
dataset\vtuber\inui\inui_00610_0.png,6.0,6.0
dataset\vtuber\inui\inui_00411_0.png,6.0,6.0
dataset\vtuber\inui\inui_00144_0.png,6.0,6.0
dataset\vtuber\inui\inui_00055_0.png,6.0,6.0
dataset\vtuber\inui\inui_00577_0.png,6.0,6.0
dataset\vtuber\inui\inui_00354_0.png,6.0,6.0
dataset\vtuber\inui\inui_00384_0.png,6.0,6.0
dataset\vtuber\inui\inui_00666_0.png,6.0,6.0
dataset\vtuber\inui\inui_00125_0.png,6.0,6.0
dataset\vtuber\inui\inui_00115_0.png,6.0,6.0
dataset\vtuber\inui\inui_00328_0.png,6.0,6.0
dataset\vtuber\inui\inui_00038_0.png,6.0,6.0
dataset\vtuber\inui\inui_00181_0.png,6.0,6.0
dataset\vtuber\inui\inui_00222_0.png,6.0,6.0
dataset\vtuber\inui\inui_00311_0.png,6.0,6.0
dataset\vtuber\inui\inui_00570_0.png,6.0,6.0
dataset\vtuber\inui\inui_00042_0.png,6.0,6.0
dataset\vtuber\inui\inui_00122_0.png,6.0,6.0
dataset\vtuber\inui\inui_00150_0.png,6.0,6.0
dataset\vtuber\inui\inui_00377_0.png,6.0,6.0
dataset\vtuber\inui\inui_00292_0.png,6.0,6.0
dataset\vtuber\inui\inui_00196_0.png,6.0,6.0
dataset\vtuber\inui\inui_00299_0.png,6.0,6.0
dataset\vtuber\inui\inui_00439_0.png,6.0,6.0
dataset\vtuber\inui\inui_00561_0.png,6.0,6.0
dataset\vtuber\inui\inui_00545_0.png,6.0,6.0
dataset\vtuber\inui\inui_00102_0.png,6.0,6.0
dataset\vtuber\inui\inui_00451_0.png,6.0,6.0
dataset\vtuber\inui\inui_00019_0.png,6.0,6.0
dataset\vtuber\inui\inui_00684_0.png,6.0,6.0
dataset\vtuber\inui\inui_00678_0.png,6.0,6.0
dataset\vtuber\inui\inui_00649_0.png,6.0,6.0
dataset\vtuber\inui\inui_00581_0.png,6.0,6.0
dataset\vtuber\inui\inui_00323_0.png,6.0,6.0
dataset\vtuber\kanata\kanata_00135_0.png,7.0,7.0
dataset\vtuber\kanata\kanata_02576_0.png,7.0,7.0
dataset\vtuber\kanata\kanata_00557_1.png,7.0,7.0
dataset\vtuber\kanata\kanata_00377_1.png,7.0,7.0
dataset\vtuber\kanata\kanata_00100_0.png,7.0,7.0
dataset\vtuber\kanata\kanata_00859_0.png,7.0,7.0
dataset\vtuber\kanata\kanata_00958_0.png,7.0,7.0
dataset\vtuber\kanata\kanata_01177_1.png,7.0,7.0
dataset\vtuber\kanata\kanata_01165_0.png,7.0,7.0
dataset\vtuber\kanata\kanata_00536_1.png,7.0,7.0
dataset\vtuber\kanata\kanata_00214_0.png,7.0,7.0
dataset\vtuber\kanata\kanata_00978_0.png,7.0,7.0
dataset\vtuber\kanata\kanata_00229_1.png,7.0,7.0
dataset\vtuber\kanata\kanata_02473_0.png,7.0,7.0
dataset\vtuber\kanata\kanata_00269_1.png,7.0,7.0
dataset\vtuber\kanata\kanata_02384_0.png,7.0,7.0
dataset\vtuber\kanata\kanata_00148_0.png,7.0,7.0
dataset\vtuber\kanata\kanata_00479_1.png,7.0,7.0
dataset\vtuber\kanata\kanata_01757_0.png,7.0,7.0
dataset\vtuber\kanata\kanata_00427_1.png,7.0,7.0
dataset\vtuber\kanata\kanata_00851_0.png,7.0,7.0
dataset\vtuber\kanata\kanata_01780_0.png,7.0,7.0
dataset\vtuber\kanata\kanata_01515_0.png,7.0,7.0
dataset\vtuber\kanata\kanata_02465_0.png,7.0,7.0
dataset\vtuber\kanata\kanata_01273_0.png,7.0,7.0
dataset\vtuber\kanata\kanata_01292_0.png,7.0,7.0
dataset\vtuber\kanata\kanata_02164_0.png,7.0,7.0
dataset\vtuber\kanata\kanata_01766_0.png,7.0,7.0
dataset\vtuber\kanata\kanata_00080_0.png,7.0,7.0
dataset\vtuber\kanata\kanata_00152_0.png,7.0,7.0
dataset\vtuber\kanata\kanata_00426_1.png,7.0,7.0
dataset\vtuber\kanata\kanata_00940_0.png,7.0,7.0
dataset\vtuber\kanata\kanata_00284_1.png,7.0,7.0
dataset\vtuber\kanata\kanata_00209_0.png,7.0,7.0
dataset\vtuber\kanata\kanata_00709_1.png,7.0,7.0
dataset\vtuber\kanata\kanata_00271_1.png,7.0,7.0
dataset\vtuber\kanata\kanata_00126_0.png,7.0,7.0
dataset\vtuber\kanata\kanata_00976_0.png,7.0,7.0
dataset\vtuber\kanata\kanata_00136_1.png,7.0,7.0
dataset\vtuber\kanata\kanata_00365_1.png,7.0,7.0
dataset\vtuber\kanata\kanata_02681_0.png,7.0,7.0
dataset\vtuber\kanata\kanata_00919_0.png,7.0,7.0
dataset\vtuber\kanata\kanata_00839_0.png,7.0,7.0
dataset\vtuber\kanata\kanata_02074_0.png,7.0,7.0
dataset\vtuber\kanata\kanata_02104_0.png,7.0,7.0
dataset\vtuber\kanata\kanata_02574_0.png,7.0,7.0
dataset\vtuber\kanata\kanata_00905_0.png,7.0,7.0
dataset\vtuber\kanata\kanata_02364_0.png,7.0,7.0
dataset\vtuber\kanata\kanata_00754_1.png,7.0,7.0
dataset\vtuber\kanata\kanata_00463_1.png,7.0,7.0
dataset\vtuber\lize\lize_00927_0.png,8.0,8.0
dataset\vtuber\lize\lize_00145_0.png,8.0,8.0
dataset\vtuber\lize\lize_01004_0.png,8.0,8.0
dataset\vtuber\lize\lize_00251_0.png,8.0,8.0
dataset\vtuber\lize\lize_01012_0.png,8.0,8.0
dataset\vtuber\lize\lize_00300_0.png,8.0,8.0
dataset\vtuber\lize\lize_00321_0.png,8.0,8.0
dataset\vtuber\lize\lize_00266_0.png,8.0,8.0
dataset\vtuber\lize\lize_00841_0.png,8.0,8.0
dataset\vtuber\lize\lize_00535_0.png,8.0,8.0
dataset\vtuber\lize\lize_00700_0.png,8.0,8.0
dataset\vtuber\lize\lize_00900_0.png,8.0,8.0
dataset\vtuber\lize\lize_00045_0.png,8.0,8.0
dataset\vtuber\lize\lize_00672_0.png,8.0,8.0
dataset\vtuber\lize\lize_00253_0.png,8.0,8.0
dataset\vtuber\lize\lize_00313_0.png,8.0,8.0
dataset\vtuber\lize\lize_00750_0.png,8.0,8.0
dataset\vtuber\lize\lize_00889_0.png,8.0,8.0
dataset\vtuber\lize\lize_00825_0.png,8.0,8.0
dataset\vtuber\lize\lize_00662_0.png,8.0,8.0
dataset\vtuber\lize\lize_00938_0.png,8.0,8.0
dataset\vtuber\lize\lize_00363_0.png,8.0,8.0
dataset\vtuber\lize\lize_00797_0.png,8.0,8.0
dataset\vtuber\lize\lize_00858_0.png,8.0,8.0
dataset\vtuber\lize\lize_00774_0.png,8.0,8.0
dataset\vtuber\lize\lize_00725_0.png,8.0,8.0
dataset\vtuber\lize\lize_00687_0.png,8.0,8.0
dataset\vtuber\lize\lize_00818_0.png,8.0,8.0
dataset\vtuber\lize\lize_00195_0.png,8.0,8.0
dataset\vtuber\lize\lize_00446_0.png,8.0,8.0
dataset\vtuber\lize\lize_00488_0.png,8.0,8.0
dataset\vtuber\lize\lize_00755_0.png,8.0,8.0
dataset\vtuber\lize\lize_00076_0.png,8.0,8.0
dataset\vtuber\lize\lize_00967_0.png,8.0,8.0
dataset\vtuber\lize\lize_00044_0.png,8.0,8.0
dataset\vtuber\lize\lize_00580_0.png,8.0,8.0
dataset\vtuber\lize\lize_00055_0.png,8.0,8.0
dataset\vtuber\lize\lize_00966_0.png,8.0,8.0
dataset\vtuber\lize\lize_00738_0.png,8.0,8.0
dataset\vtuber\lize\lize_00842_0.png,8.0,8.0
dataset\vtuber\lize\lize_00462_0.png,8.0,8.0
dataset\vtuber\lize\lize_00172_0.png,8.0,8.0
dataset\vtuber\lize\lize_00501_0.png,8.0,8.0
dataset\vtuber\lize\lize_00888_0.png,8.0,8.0
dataset\vtuber\lize\lize_00896_0.png,8.0,8.0
dataset\vtuber\lize\lize_00923_0.png,8.0,8.0
dataset\vtuber\lize\lize_00772_0.png,8.0,8.0
dataset\vtuber\lize\lize_00149_0.png,8.0,8.0
dataset\vtuber\lize\lize_00908_0.png,8.0,8.0
dataset\vtuber\lize\lize_00651_0.png,8.0,8.0
dataset\vtuber\matsuri\matsuri_02919_0.png,9.0,9.0
dataset\vtuber\matsuri\matsuri_00812_0.png,9.0,9.0
dataset\vtuber\matsuri\matsuri_00798_0.png,9.0,9.0
dataset\vtuber\matsuri\matsuri_00609_0.png,9.0,9.0
dataset\vtuber\matsuri\matsuri_02624_0.png,9.0,9.0
dataset\vtuber\matsuri\matsuri_01692_0.png,9.0,9.0
dataset\vtuber\matsuri\matsuri_01421_0.png,9.0,9.0
dataset\vtuber\matsuri\matsuri_02183_0.png,9.0,9.0
dataset\vtuber\matsuri\matsuri_01681_0.png,9.0,9.0
dataset\vtuber\matsuri\matsuri_02879_0.png,9.0,9.0
dataset\vtuber\matsuri\matsuri_01110_0.png,9.0,9.0
dataset\vtuber\matsuri\matsuri_02801_0.png,9.0,9.0
dataset\vtuber\matsuri\matsuri_01735_0.png,9.0,9.0
dataset\vtuber\matsuri\matsuri_01508_0.png,9.0,9.0
dataset\vtuber\matsuri\matsuri_02841_0.png,9.0,9.0
dataset\vtuber\matsuri\matsuri_01965_0.png,9.0,9.0
dataset\vtuber\matsuri\matsuri_00630_0.png,9.0,9.0
dataset\vtuber\matsuri\matsuri_00649_0.png,9.0,9.0
dataset\vtuber\matsuri\matsuri_01797_0.png,9.0,9.0
dataset\vtuber\matsuri\matsuri_02217_0.png,9.0,9.0
dataset\vtuber\matsuri\matsuri_01325_0.png,9.0,9.0
dataset\vtuber\matsuri\matsuri_02501_0.png,9.0,9.0
dataset\vtuber\matsuri\matsuri_01388_0.png,9.0,9.0
dataset\vtuber\matsuri\matsuri_02391_0.png,9.0,9.0
dataset\vtuber\matsuri\matsuri_00981_0.png,9.0,9.0
dataset\vtuber\matsuri\matsuri_00912_0.png,9.0,9.0
dataset\vtuber\matsuri\matsuri_00948_0.png,9.0,9.0
dataset\vtuber\matsuri\matsuri_02655_0.png,9.0,9.0
dataset\vtuber\matsuri\matsuri_01518_0.png,9.0,9.0
dataset\vtuber\matsuri\matsuri_00627_0.png,9.0,9.0
dataset\vtuber\matsuri\matsuri_00815_0.png,9.0,9.0
dataset\vtuber\matsuri\matsuri_02182_0.png,9.0,9.0
dataset\vtuber\matsuri\matsuri_02344_0.png,9.0,9.0
dataset\vtuber\matsuri\matsuri_01423_0.png,9.0,9.0
dataset\vtuber\matsuri\matsuri_00552_0.png,9.0,9.0
dataset\vtuber\matsuri\matsuri_01548_0.png,9.0,9.0
dataset\vtuber\matsuri\matsuri_02522_0.png,9.0,9.0
dataset\vtuber\matsuri\matsuri_02081_0.png,9.0,9.0
dataset\vtuber\matsuri\matsuri_01816_0.png,9.0,9.0
dataset\vtuber\matsuri\matsuri_02783_0.png,9.0,9.0
dataset\vtuber\matsuri\matsuri_01269_0.png,9.0,9.0
dataset\vtuber\matsuri\matsuri_01837_0.png,9.0,9.0
dataset\vtuber\matsuri\matsuri_02675_0.png,9.0,9.0
dataset\vtuber\matsuri\matsuri_02261_0.png,9.0,9.0
dataset\vtuber\matsuri\matsuri_00516_0.png,9.0,9.0
dataset\vtuber\matsuri\matsuri_00162_0.png,9.0,9.0
dataset\vtuber\matsuri\matsuri_01666_0.png,9.0,9.0
dataset\vtuber\matsuri\matsuri_00680_0.png,9.0,9.0
dataset\vtuber\matsuri\matsuri_00286_0.png,9.0,9.0
dataset\vtuber\matsuri\matsuri_00300_0.png,9.0,9.0
dataset\vtuber\nakiri\nakiri_01534_0.png,10.0,10.0
dataset\vtuber\nakiri\nakiri_01631_0.png,10.0,10.0
dataset\vtuber\nakiri\nakiri_00966_0.png,10.0,10.0
dataset\vtuber\nakiri\nakiri_01421_0.png,10.0,10.0
dataset\vtuber\nakiri\nakiri_00399_0.png,10.0,10.0
dataset\vtuber\nakiri\nakiri_01588_0.png,10.0,10.0
dataset\vtuber\nakiri\nakiri_01037_0.png,10.0,10.0
dataset\vtuber\nakiri\nakiri_01570_0.png,10.0,10.0
dataset\vtuber\nakiri\nakiri_01460_0.png,10.0,10.0
dataset\vtuber\nakiri\nakiri_01664_0.png,10.0,10.0
dataset\vtuber\nakiri\nakiri_00591_0.png,10.0,10.0
dataset\vtuber\nakiri\nakiri_00962_0.png,10.0,10.0
dataset\vtuber\nakiri\nakiri_00103_0.png,10.0,10.0
dataset\vtuber\nakiri\nakiri_00758_0.png,10.0,10.0
dataset\vtuber\nakiri\nakiri_01608_0.png,10.0,10.0
dataset\vtuber\nakiri\nakiri_00438_0.png,10.0,10.0
dataset\vtuber\nakiri\nakiri_01142_0.png,10.0,10.0
dataset\vtuber\nakiri\nakiri_01162_0.png,10.0,10.0
dataset\vtuber\nakiri\nakiri_01449_0.png,10.0,10.0
dataset\vtuber\nakiri\nakiri_01322_0.png,10.0,10.0
dataset\vtuber\nakiri\nakiri_01587_0.png,10.0,10.0
dataset\vtuber\nakiri\nakiri_01451_0.png,10.0,10.0
dataset\vtuber\nakiri\nakiri_01279_0.png,10.0,10.0
dataset\vtuber\nakiri\nakiri_01468_0.png,10.0,10.0
dataset\vtuber\nakiri\nakiri_00576_0.png,10.0,10.0
dataset\vtuber\nakiri\nakiri_00211_0.png,10.0,10.0
dataset\vtuber\nakiri\nakiri_00598_0.png,10.0,10.0
dataset\vtuber\nakiri\nakiri_01545_0.png,10.0,10.0
dataset\vtuber\nakiri\nakiri_00613_0.png,10.0,10.0
dataset\vtuber\nakiri\nakiri_01568_0.png,10.0,10.0
dataset\vtuber\nakiri\nakiri_01253_0.png,10.0,10.0
dataset\vtuber\nakiri\nakiri_01169_0.png,10.0,10.0
dataset\vtuber\nakiri\nakiri_01128_0.png,10.0,10.0
dataset\vtuber\nakiri\nakiri_01350_0.png,10.0,10.0
dataset\vtuber\nakiri\nakiri_00813_0.png,10.0,10.0
dataset\vtuber\nakiri\nakiri_01583_0.png,10.0,10.0
dataset\vtuber\nakiri\nakiri_00697_1.png,10.0,10.0
dataset\vtuber\nakiri\nakiri_01691_0.png,10.0,10.0
dataset\vtuber\nakiri\nakiri_01595_0.png,10.0,10.0
dataset\vtuber\nakiri\nakiri_01028_0.png,10.0,10.0
dataset\vtuber\nakiri\nakiri_01479_0.png,10.0,10.0
dataset\vtuber\nakiri\nakiri_00602_0.png,10.0,10.0
dataset\vtuber\nakiri\nakiri_01296_0.png,10.0,10.0
dataset\vtuber\nakiri\nakiri_01618_0.png,10.0,10.0
dataset\vtuber\nakiri\nakiri_01171_0.png,10.0,10.0
dataset\vtuber\nakiri\nakiri_00572_0.png,10.0,10.0
dataset\vtuber\nakiri\nakiri_01151_0.png,10.0,10.0
dataset\vtuber\nakiri\nakiri_00616_0.png,10.0,10.0
dataset\vtuber\nakiri\nakiri_01072_0.png,10.0,10.0
dataset\vtuber\nakiri\nakiri_01292_0.png,10.0,10.0
dataset\vtuber\pekora\pekora_02514_0.png,11.0,11.0
dataset\vtuber\pekora\pekora_02150_0.png,11.0,11.0
dataset\vtuber\pekora\pekora_02898_0.png,11.0,11.0
dataset\vtuber\pekora\pekora_00154_0.png,11.0,11.0
dataset\vtuber\pekora\pekora_01822_1.png,11.0,11.0
dataset\vtuber\pekora\pekora_01390_0.png,11.0,11.0
dataset\vtuber\pekora\pekora_00266_0.png,11.0,11.0
dataset\vtuber\pekora\pekora_02922_0.png,11.0,11.0
dataset\vtuber\pekora\pekora_02146_0.png,11.0,11.0
dataset\vtuber\pekora\pekora_00450_0.png,11.0,11.0
dataset\vtuber\pekora\pekora_00270_0.png,11.0,11.0
dataset\vtuber\pekora\pekora_02682_0.png,11.0,11.0
dataset\vtuber\pekora\pekora_03130_0.png,11.0,11.0
dataset\vtuber\pekora\pekora_03066_0.png,11.0,11.0
dataset\vtuber\pekora\pekora_00686_0.png,11.0,11.0
dataset\vtuber\pekora\pekora_01790_1.png,11.0,11.0
dataset\vtuber\pekora\pekora_01186_0.png,11.0,11.0
dataset\vtuber\pekora\pekora_01610_0.png,11.0,11.0
dataset\vtuber\pekora\pekora_02062_0.png,11.0,11.0
dataset\vtuber\pekora\pekora_02290_0.png,11.0,11.0
dataset\vtuber\pekora\pekora_00482_0.png,11.0,11.0
dataset\vtuber\pekora\pekora_00158_0.png,11.0,11.0
dataset\vtuber\pekora\pekora_00170_0.png,11.0,11.0
dataset\vtuber\pekora\pekora_03346_0.png,11.0,11.0
dataset\vtuber\pekora\pekora_02230_0.png,11.0,11.0
dataset\vtuber\pekora\pekora_02306_0.png,11.0,11.0
dataset\vtuber\pekora\pekora_01254_0.png,11.0,11.0
dataset\vtuber\pekora\pekora_02274_0.png,11.0,11.0
dataset\vtuber\pekora\pekora_00742_0.png,11.0,11.0
dataset\vtuber\pekora\pekora_01646_0.png,11.0,11.0
dataset\vtuber\pekora\pekora_02930_0.png,11.0,11.0
dataset\vtuber\pekora\pekora_03074_0.png,11.0,11.0
dataset\vtuber\pekora\pekora_01226_0.png,11.0,11.0
dataset\vtuber\pekora\pekora_01166_0.png,11.0,11.0
dataset\vtuber\pekora\pekora_03030_0.png,11.0,11.0
dataset\vtuber\pekora\pekora_02434_0.png,11.0,11.0
dataset\vtuber\pekora\pekora_02262_0.png,11.0,11.0
dataset\vtuber\pekora\pekora_02414_0.png,11.0,11.0
dataset\vtuber\pekora\pekora_01678_0.png,11.0,11.0
dataset\vtuber\pekora\pekora_00278_0.png,11.0,11.0
dataset\vtuber\pekora\pekora_02854_0.png,11.0,11.0
dataset\vtuber\pekora\pekora_00842_0.png,11.0,11.0
dataset\vtuber\pekora\pekora_02358_0.png,11.0,11.0
dataset\vtuber\pekora\pekora_01626_0.png,11.0,11.0
dataset\vtuber\pekora\pekora_02866_0.png,11.0,11.0
dataset\vtuber\pekora\pekora_02182_0.png,11.0,11.0
dataset\vtuber\pekora\pekora_00826_0.png,11.0,11.0
dataset\vtuber\pekora\pekora_02910_0.png,11.0,11.0
dataset\vtuber\pekora\pekora_03118_0.png,11.0,11.0
dataset\vtuber\pekora\pekora_01446_0.png,11.0,11.0
dataset\vtuber\rusia\rusia_03489_0.png,12.0,12.0
dataset\vtuber\rusia\rusia_02054_0.png,12.0,12.0
dataset\vtuber\rusia\rusia_02324_0.png,12.0,12.0
dataset\vtuber\rusia\rusia_03694_0.png,12.0,12.0
dataset\vtuber\rusia\rusia_02989_0.png,12.0,12.0
dataset\vtuber\rusia\rusia_04104_0.png,12.0,12.0
dataset\vtuber\rusia\rusia_00504_0.png,12.0,12.0
dataset\vtuber\rusia\rusia_03889_0.png,12.0,12.0
dataset\vtuber\rusia\rusia_02254_0.png,12.0,12.0
dataset\vtuber\rusia\rusia_01524_0.png,12.0,12.0
dataset\vtuber\rusia\rusia_02059_0.png,12.0,12.0
dataset\vtuber\rusia\rusia_00799_0.png,12.0,12.0
dataset\vtuber\rusia\rusia_00719_0.png,12.0,12.0
dataset\vtuber\rusia\rusia_01764_0.png,12.0,12.0
dataset\vtuber\rusia\rusia_00464_0.png,12.0,12.0
dataset\vtuber\rusia\rusia_02479_0.png,12.0,12.0
dataset\vtuber\rusia\rusia_03839_0.png,12.0,12.0
dataset\vtuber\rusia\rusia_04459_0.png,12.0,12.0
dataset\vtuber\rusia\rusia_02849_0.png,12.0,12.0
dataset\vtuber\rusia\rusia_02084_0.png,12.0,12.0
dataset\vtuber\rusia\rusia_01384_0.png,12.0,12.0
dataset\vtuber\rusia\rusia_00479_0.png,12.0,12.0
dataset\vtuber\rusia\rusia_03434_0.png,12.0,12.0
dataset\vtuber\rusia\rusia_02609_0.png,12.0,12.0
dataset\vtuber\rusia\rusia_03644_0.png,12.0,12.0
dataset\vtuber\rusia\rusia_00709_0.png,12.0,12.0
dataset\vtuber\rusia\rusia_03909_0.png,12.0,12.0
dataset\vtuber\rusia\rusia_02504_0.png,12.0,12.0
dataset\vtuber\rusia\rusia_05749_0.png,12.0,12.0
dataset\vtuber\rusia\rusia_01054_0.png,12.0,12.0
dataset\vtuber\rusia\rusia_04439_0.png,12.0,12.0
dataset\vtuber\rusia\rusia_02064_0.png,12.0,12.0
dataset\vtuber\rusia\rusia_04394_0.png,12.0,12.0
dataset\vtuber\rusia\rusia_01044_0.png,12.0,12.0
dataset\vtuber\rusia\rusia_02914_0.png,12.0,12.0
dataset\vtuber\rusia\rusia_03194_0.png,12.0,12.0
dataset\vtuber\rusia\rusia_03584_0.png,12.0,12.0
dataset\vtuber\rusia\rusia_01304_0.png,12.0,12.0
dataset\vtuber\rusia\rusia_01284_0.png,12.0,12.0
dataset\vtuber\rusia\rusia_00409_0.png,12.0,12.0
dataset\vtuber\rusia\rusia_04504_0.png,12.0,12.0
dataset\vtuber\rusia\rusia_04029_0.png,12.0,12.0
dataset\vtuber\rusia\rusia_04019_0.png,12.0,12.0
dataset\vtuber\rusia\rusia_03509_0.png,12.0,12.0
dataset\vtuber\rusia\rusia_00499_0.png,12.0,12.0
dataset\vtuber\rusia\rusia_00619_0.png,12.0,12.0
dataset\vtuber\rusia\rusia_02159_0.png,12.0,12.0
dataset\vtuber\rusia\rusia_02209_0.png,12.0,12.0
dataset\vtuber\rusia\rusia_01914_0.png,12.0,12.0
dataset\vtuber\rusia\rusia_03649_0.png,12.0,12.0
dataset\vtuber\sasaki\sasaki_00861_0.png,13.0,13.0
dataset\vtuber\sasaki\sasaki_00720_0.png,13.0,13.0
dataset\vtuber\sasaki\sasaki_00895_0.png,13.0,13.0
dataset\vtuber\sasaki\sasaki_00864_0.png,13.0,13.0
dataset\vtuber\sasaki\sasaki_01054_0.png,13.0,13.0
dataset\vtuber\sasaki\sasaki_00261_0.png,13.0,13.0
dataset\vtuber\sasaki\sasaki_01084_0.png,13.0,13.0
dataset\vtuber\sasaki\sasaki_00992_0.png,13.0,13.0
dataset\vtuber\sasaki\sasaki_00872_0.png,13.0,13.0
dataset\vtuber\sasaki\sasaki_00696_0.png,13.0,13.0
dataset\vtuber\sasaki\sasaki_01104_0.png,13.0,13.0
dataset\vtuber\sasaki\sasaki_00327_0.png,13.0,13.0
dataset\vtuber\sasaki\sasaki_00320_0.png,13.0,13.0
dataset\vtuber\sasaki\sasaki_00668_0.png,13.0,13.0
dataset\vtuber\sasaki\sasaki_00859_0.png,13.0,13.0
dataset\vtuber\sasaki\sasaki_00987_0.png,13.0,13.0
dataset\vtuber\sasaki\sasaki_00128_0.png,13.0,13.0
dataset\vtuber\sasaki\sasaki_00312_0.png,13.0,13.0
dataset\vtuber\sasaki\sasaki_00810_0.png,13.0,13.0
dataset\vtuber\sasaki\sasaki_00959_0.png,13.0,13.0
dataset\vtuber\sasaki\sasaki_00739_0.png,13.0,13.0
dataset\vtuber\sasaki\sasaki_01071_0.png,13.0,13.0
dataset\vtuber\sasaki\sasaki_00809_0.png,13.0,13.0
dataset\vtuber\sasaki\sasaki_00962_0.png,13.0,13.0
dataset\vtuber\sasaki\sasaki_00058_0.png,13.0,13.0
dataset\vtuber\sasaki\sasaki_00605_0.png,13.0,13.0
dataset\vtuber\sasaki\sasaki_01046_0.png,13.0,13.0
dataset\vtuber\sasaki\sasaki_01037_0.png,13.0,13.0
dataset\vtuber\sasaki\sasaki_00652_0.png,13.0,13.0
dataset\vtuber\sasaki\sasaki_00806_0.png,13.0,13.0
dataset\vtuber\sasaki\sasaki_00192_0.png,13.0,13.0
dataset\vtuber\sasaki\sasaki_00918_0.png,13.0,13.0
dataset\vtuber\sasaki\sasaki_00135_0.png,13.0,13.0
dataset\vtuber\sasaki\sasaki_00893_0.png,13.0,13.0
dataset\vtuber\sasaki\sasaki_00145_0.png,13.0,13.0
dataset\vtuber\sasaki\sasaki_01012_0.png,13.0,13.0
dataset\vtuber\sasaki\sasaki_00185_0.png,13.0,13.0
dataset\vtuber\sasaki\sasaki_00274_0.png,13.0,13.0
dataset\vtuber\sasaki\sasaki_00967_0.png,13.0,13.0
dataset\vtuber\sasaki\sasaki_00195_0.png,13.0,13.0
dataset\vtuber\sasaki\sasaki_00946_0.png,13.0,13.0
dataset\vtuber\sasaki\sasaki_00746_0.png,13.0,13.0
dataset\vtuber\sasaki\sasaki_00834_0.png,13.0,13.0
dataset\vtuber\sasaki\sasaki_00697_0.png,13.0,13.0
dataset\vtuber\sasaki\sasaki_00738_0.png,13.0,13.0
dataset\vtuber\sasaki\sasaki_00282_0.png,13.0,13.0
dataset\vtuber\sasaki\sasaki_00255_0.png,13.0,13.0
dataset\vtuber\sasaki\sasaki_01062_0.png,13.0,13.0
dataset\vtuber\sasaki\sasaki_00127_0.png,13.0,13.0
dataset\vtuber\sasaki\sasaki_00229_0.png,13.0,13.0
dataset\vtuber\shina\shina_00189_0.png,14.0,14.0
dataset\vtuber\shina\shina_00242_0.png,14.0,14.0
dataset\vtuber\shina\shina_00584_0.png,14.0,14.0
dataset\vtuber\shina\shina_00702_0.png,14.0,14.0
dataset\vtuber\shina\shina_00431_0.png,14.0,14.0
dataset\vtuber\shina\shina_00434_0.png,14.0,14.0
dataset\vtuber\shina\shina_00650_0.png,14.0,14.0
dataset\vtuber\shina\shina_00686_0.png,14.0,14.0
dataset\vtuber\shina\shina_00554_0.png,14.0,14.0
dataset\vtuber\shina\shina_00525_0.png,14.0,14.0
dataset\vtuber\shina\shina_00333_0.png,14.0,14.0
dataset\vtuber\shina\shina_00498_0.png,14.0,14.0
dataset\vtuber\shina\shina_00667_0.png,14.0,14.0
dataset\vtuber\shina\shina_00649_0.png,14.0,14.0
dataset\vtuber\shina\shina_00195_0.png,14.0,14.0
dataset\vtuber\shina\shina_00214_0.png,14.0,14.0
dataset\vtuber\shina\shina_00084_0.png,14.0,14.0
dataset\vtuber\shina\shina_00391_0.png,14.0,14.0
dataset\vtuber\shina\shina_00243_0.png,14.0,14.0
dataset\vtuber\shina\shina_00661_0.png,14.0,14.0
dataset\vtuber\shina\shina_00460_0.png,14.0,14.0
dataset\vtuber\shina\shina_00072_0.png,14.0,14.0
dataset\vtuber\shina\shina_00570_0.png,14.0,14.0
dataset\vtuber\shina\shina_00360_0.png,14.0,14.0
dataset\vtuber\shina\shina_00310_0.png,14.0,14.0
dataset\vtuber\shina\shina_00590_0.png,14.0,14.0
dataset\vtuber\shina\shina_00520_0.png,14.0,14.0
dataset\vtuber\shina\shina_00399_0.png,14.0,14.0
dataset\vtuber\shina\shina_00483_0.png,14.0,14.0
dataset\vtuber\shina\shina_00025_0.png,14.0,14.0
dataset\vtuber\shina\shina_00275_0.png,14.0,14.0
dataset\vtuber\shina\shina_00315_0.png,14.0,14.0
dataset\vtuber\shina\shina_00486_0.png,14.0,14.0
dataset\vtuber\shina\shina_00277_0.png,14.0,14.0
dataset\vtuber\shina\shina_00687_0.png,14.0,14.0
dataset\vtuber\shina\shina_00250_0.png,14.0,14.0
dataset\vtuber\shina\shina_00280_0.png,14.0,14.0
dataset\vtuber\shina\shina_00291_0.png,14.0,14.0
dataset\vtuber\shina\shina_00647_0.png,14.0,14.0
dataset\vtuber\shina\shina_00624_0.png,14.0,14.0
dataset\vtuber\shina\shina_00388_0.png,14.0,14.0
dataset\vtuber\shina\shina_00465_0.png,14.0,14.0
dataset\vtuber\shina\shina_00208_0.png,14.0,14.0
dataset\vtuber\shina\shina_00418_0.png,14.0,14.0
dataset\vtuber\shina\shina_00538_0.png,14.0,14.0
dataset\vtuber\shina\shina_00530_0.png,14.0,14.0
dataset\vtuber\shina\shina_00430_0.png,14.0,14.0
dataset\vtuber\shina\shina_00029_0.png,14.0,14.0
dataset\vtuber\shina\shina_00181_0.png,14.0,14.0
dataset\vtuber\shina\shina_00655_0.png,14.0,14.0
dataset\vtuber\shion\shion_05198_0.png,15.0,15.0
dataset\vtuber\shion\shion_03078_0.png,15.0,15.0
dataset\vtuber\shion\shion_03763_0.png,15.0,15.0
dataset\vtuber\shion\shion_00443_0.png,15.0,15.0
dataset\vtuber\shion\shion_03088_0.png,15.0,15.0
dataset\vtuber\shion\shion_03778_0.png,15.0,15.0
dataset\vtuber\shion\shion_04043_0.png,15.0,15.0
dataset\vtuber\shion\shion_01188_0.png,15.0,15.0
dataset\vtuber\shion\shion_04468_1.png,15.0,15.0
dataset\vtuber\shion\shion_01883_0.png,15.0,15.0
dataset\vtuber\shion\shion_04523_1.png,15.0,15.0
dataset\vtuber\shion\shion_02978_0.png,15.0,15.0
dataset\vtuber\shion\shion_05518_1.png,15.0,15.0
dataset\vtuber\shion\shion_05093_1.png,15.0,15.0
dataset\vtuber\shion\shion_04988_1.png,15.0,15.0
dataset\vtuber\shion\shion_03898_0.png,15.0,15.0
dataset\vtuber\shion\shion_04373_0.png,15.0,15.0
dataset\vtuber\shion\shion_03193_0.png,15.0,15.0
dataset\vtuber\shion\shion_03748_0.png,15.0,15.0
dataset\vtuber\shion\shion_01213_0.png,15.0,15.0
dataset\vtuber\shion\shion_04548_0.png,15.0,15.0
dataset\vtuber\shion\shion_03923_1.png,15.0,15.0
dataset\vtuber\shion\shion_03988_0.png,15.0,15.0
dataset\vtuber\shion\shion_04923_0.png,15.0,15.0
dataset\vtuber\shion\shion_01813_0.png,15.0,15.0
dataset\vtuber\shion\shion_04913_0.png,15.0,15.0
dataset\vtuber\shion\shion_05043_1.png,15.0,15.0
dataset\vtuber\shion\shion_02788_0.png,15.0,15.0
dataset\vtuber\shion\shion_05278_0.png,15.0,15.0
dataset\vtuber\shion\shion_05173_1.png,15.0,15.0
dataset\vtuber\shion\shion_01578_0.png,15.0,15.0
dataset\vtuber\shion\shion_00373_0.png,15.0,15.0
dataset\vtuber\shion\shion_00423_0.png,15.0,15.0
dataset\vtuber\shion\shion_02078_0.png,15.0,15.0
dataset\vtuber\shion\shion_01938_0.png,15.0,15.0
dataset\vtuber\shion\shion_05473_1.png,15.0,15.0
dataset\vtuber\shion\shion_05493_0.png,15.0,15.0
dataset\vtuber\shion\shion_05368_1.png,15.0,15.0
dataset\vtuber\shion\shion_02908_0.png,15.0,15.0
dataset\vtuber\shion\shion_00738_0.png,15.0,15.0
dataset\vtuber\shion\shion_04623_0.png,15.0,15.0
dataset\vtuber\shion\shion_04248_0.png,15.0,15.0
dataset\vtuber\shion\shion_02933_0.png,15.0,15.0
dataset\vtuber\shion\shion_05188_1.png,15.0,15.0
dataset\vtuber\shion\shion_05348_1.png,15.0,15.0
dataset\vtuber\shion\shion_01663_0.png,15.0,15.0
dataset\vtuber\shion\shion_05318_0.png,15.0,15.0
dataset\vtuber\shion\shion_04338_1.png,15.0,15.0
dataset\vtuber\shion\shion_02053_0.png,15.0,15.0
dataset\vtuber\shion\shion_03643_1.png,15.0,15.0
dataset\vtuber\subaru\subaru_03122_0.png,16.0,16.0
dataset\vtuber\subaru\subaru_03592_0.png,16.0,16.0
dataset\vtuber\subaru\subaru_01437_0.png,16.0,16.0
dataset\vtuber\subaru\subaru_02440_0.png,16.0,16.0
dataset\vtuber\subaru\subaru_02097_0.png,16.0,16.0
dataset\vtuber\subaru\subaru_01223_0.png,16.0,16.0
dataset\vtuber\subaru\subaru_01994_0.png,16.0,16.0
dataset\vtuber\subaru\subaru_00806_0.png,16.0,16.0
dataset\vtuber\subaru\subaru_00683_0.png,16.0,16.0
dataset\vtuber\subaru\subaru_03242_0.png,16.0,16.0
dataset\vtuber\subaru\subaru_03084_0.png,16.0,16.0
dataset\vtuber\subaru\subaru_03368_0.png,16.0,16.0
dataset\vtuber\subaru\subaru_01562_0.png,16.0,16.0
dataset\vtuber\subaru\subaru_01955_0.png,16.0,16.0
dataset\vtuber\subaru\subaru_03120_0.png,16.0,16.0
dataset\vtuber\subaru\subaru_03671_0.png,16.0,16.0
dataset\vtuber\subaru\subaru_03157_0.png,16.0,16.0
dataset\vtuber\subaru\subaru_01817_0.png,16.0,16.0
dataset\vtuber\subaru\subaru_02198_0.png,16.0,16.0
dataset\vtuber\subaru\subaru_00266_0.png,16.0,16.0
dataset\vtuber\subaru\subaru_00365_0.png,16.0,16.0
dataset\vtuber\subaru\subaru_02719_0.png,16.0,16.0
dataset\vtuber\subaru\subaru_03444_0.png,16.0,16.0
dataset\vtuber\subaru\subaru_02448_0.png,16.0,16.0
dataset\vtuber\subaru\subaru_02826_0.png,16.0,16.0
dataset\vtuber\subaru\subaru_02043_0.png,16.0,16.0
dataset\vtuber\subaru\subaru_02395_0.png,16.0,16.0
dataset\vtuber\subaru\subaru_03643_0.png,16.0,16.0
dataset\vtuber\subaru\subaru_02893_0.png,16.0,16.0
dataset\vtuber\subaru\subaru_00391_0.png,16.0,16.0
dataset\vtuber\subaru\subaru_03595_0.png,16.0,16.0
dataset\vtuber\subaru\subaru_01425_0.png,16.0,16.0
dataset\vtuber\subaru\subaru_01995_0.png,16.0,16.0
dataset\vtuber\subaru\subaru_01325_0.png,16.0,16.0
dataset\vtuber\subaru\subaru_03336_0.png,16.0,16.0
dataset\vtuber\subaru\subaru_02723_0.png,16.0,16.0
dataset\vtuber\subaru\subaru_01085_0.png,16.0,16.0
dataset\vtuber\subaru\subaru_02034_0.png,16.0,16.0
dataset\vtuber\subaru\subaru_02476_0.png,16.0,16.0
dataset\vtuber\subaru\subaru_03056_0.png,16.0,16.0
dataset\vtuber\subaru\subaru_00906_0.png,16.0,16.0
dataset\vtuber\subaru\subaru_03601_0.png,16.0,16.0
dataset\vtuber\subaru\subaru_02963_0.png,16.0,16.0
dataset\vtuber\subaru\subaru_03565_0.png,16.0,16.0
dataset\vtuber\subaru\subaru_01249_0.png,16.0,16.0
dataset\vtuber\subaru\subaru_03172_0.png,16.0,16.0
dataset\vtuber\subaru\subaru_00537_0.png,16.0,16.0
dataset\vtuber\subaru\subaru_02489_0.png,16.0,16.0
dataset\vtuber\subaru\subaru_01824_0.png,16.0,16.0
dataset\vtuber\subaru\subaru_03100_0.png,16.0,16.0
dataset\vtuber\suisei\suisei_01416_0.png,17.0,17.0
dataset\vtuber\suisei\suisei_00112_0.png,17.0,17.0
dataset\vtuber\suisei\suisei_00283_0.png,17.0,17.0
dataset\vtuber\suisei\suisei_01509_0.png,17.0,17.0
dataset\vtuber\suisei\suisei_00597_0.png,17.0,17.0
dataset\vtuber\suisei\suisei_00760_0.png,17.0,17.0
dataset\vtuber\suisei\suisei_00902_0.png,17.0,17.0
dataset\vtuber\suisei\suisei_01337_0.png,17.0,17.0
dataset\vtuber\suisei\suisei_00561_0.png,17.0,17.0
dataset\vtuber\suisei\suisei_00562_0.png,17.0,17.0
dataset\vtuber\suisei\suisei_01080_0.png,17.0,17.0
dataset\vtuber\suisei\suisei_01580_0.png,17.0,17.0
dataset\vtuber\suisei\suisei_01564_0.png,17.0,17.0
dataset\vtuber\suisei\suisei_00359_0.png,17.0,17.0
dataset\vtuber\suisei\suisei_00668_0.png,17.0,17.0
dataset\vtuber\suisei\suisei_01611_0.png,17.0,17.0
dataset\vtuber\suisei\suisei_00331_0.png,17.0,17.0
dataset\vtuber\suisei\suisei_01160_0.png,17.0,17.0
dataset\vtuber\suisei\suisei_00923_0.png,17.0,17.0
dataset\vtuber\suisei\suisei_00130_0.png,17.0,17.0
dataset\vtuber\suisei\suisei_00408_0.png,17.0,17.0
dataset\vtuber\suisei\suisei_00326_0.png,17.0,17.0
dataset\vtuber\suisei\suisei_01379_0.png,17.0,17.0
dataset\vtuber\suisei\suisei_00492_0.png,17.0,17.0
dataset\vtuber\suisei\suisei_00397_0.png,17.0,17.0
dataset\vtuber\suisei\suisei_00095_0.png,17.0,17.0
dataset\vtuber\suisei\suisei_00985_0.png,17.0,17.0
dataset\vtuber\suisei\suisei_01502_0.png,17.0,17.0
dataset\vtuber\suisei\suisei_00356_0.png,17.0,17.0
dataset\vtuber\suisei\suisei_00978_0.png,17.0,17.0
dataset\vtuber\suisei\suisei_01513_0.png,17.0,17.0
dataset\vtuber\suisei\suisei_00259_0.png,17.0,17.0
dataset\vtuber\suisei\suisei_01035_0.png,17.0,17.0
dataset\vtuber\suisei\suisei_00105_0.png,17.0,17.0
dataset\vtuber\suisei\suisei_00926_0.png,17.0,17.0
dataset\vtuber\suisei\suisei_00752_0.png,17.0,17.0
dataset\vtuber\suisei\suisei_01015_0.png,17.0,17.0
dataset\vtuber\suisei\suisei_00959_0.png,17.0,17.0
dataset\vtuber\suisei\suisei_01205_0.png,17.0,17.0
dataset\vtuber\suisei\suisei_00252_0.png,17.0,17.0
dataset\vtuber\suisei\suisei_00325_0.png,17.0,17.0
dataset\vtuber\suisei\suisei_00275_0.png,17.0,17.0
dataset\vtuber\suisei\suisei_00737_0.png,17.0,17.0
dataset\vtuber\suisei\suisei_00213_0.png,17.0,17.0
dataset\vtuber\suisei\suisei_00439_0.png,17.0,17.0
dataset\vtuber\suisei\suisei_00603_0.png,17.0,17.0
dataset\vtuber\suisei\suisei_01252_0.png,17.0,17.0
dataset\vtuber\suisei\suisei_00366_0.png,17.0,17.0
dataset\vtuber\suisei\suisei_01063_0.png,17.0,17.0
dataset\vtuber\suisei\suisei_01456_0.png,17.0,17.0
dataset\vtuber\suzuhara\suzuhara_00361_0.png,18.0,18.0
dataset\vtuber\suzuhara\suzuhara_00492_0.png,18.0,18.0
dataset\vtuber\suzuhara\suzuhara_00344_0.png,18.0,18.0
dataset\vtuber\suzuhara\suzuhara_00172_0.png,18.0,18.0
dataset\vtuber\suzuhara\suzuhara_00192_0.png,18.0,18.0
dataset\vtuber\suzuhara\suzuhara_00234_0.png,18.0,18.0
dataset\vtuber\suzuhara\suzuhara_00608_0.png,18.0,18.0
dataset\vtuber\suzuhara\suzuhara_00643_0.png,18.0,18.0
dataset\vtuber\suzuhara\suzuhara_00146_0.png,18.0,18.0
dataset\vtuber\suzuhara\suzuhara_00211_0.png,18.0,18.0
dataset\vtuber\suzuhara\suzuhara_00271_0.png,18.0,18.0
dataset\vtuber\suzuhara\suzuhara_00478_0.png,18.0,18.0
dataset\vtuber\suzuhara\suzuhara_00241_0.png,18.0,18.0
dataset\vtuber\suzuhara\suzuhara_00607_0.png,18.0,18.0
dataset\vtuber\suzuhara\suzuhara_00231_0.png,18.0,18.0
dataset\vtuber\suzuhara\suzuhara_00603_0.png,18.0,18.0
dataset\vtuber\suzuhara\suzuhara_00261_0.png,18.0,18.0
dataset\vtuber\suzuhara\suzuhara_00448_0.png,18.0,18.0
dataset\vtuber\suzuhara\suzuhara_00283_0.png,18.0,18.0
dataset\vtuber\suzuhara\suzuhara_00439_0.png,18.0,18.0
dataset\vtuber\suzuhara\suzuhara_00339_0.png,18.0,18.0
dataset\vtuber\suzuhara\suzuhara_00132_0.png,18.0,18.0
dataset\vtuber\suzuhara\suzuhara_00556_0.png,18.0,18.0
dataset\vtuber\suzuhara\suzuhara_00491_0.png,18.0,18.0
dataset\vtuber\suzuhara\suzuhara_00587_0.png,18.0,18.0
dataset\vtuber\suzuhara\suzuhara_00563_0.png,18.0,18.0
dataset\vtuber\suzuhara\suzuhara_00501_0.png,18.0,18.0
dataset\vtuber\suzuhara\suzuhara_00171_0.png,18.0,18.0
dataset\vtuber\suzuhara\suzuhara_00656_0.png,18.0,18.0
dataset\vtuber\suzuhara\suzuhara_00345_0.png,18.0,18.0
dataset\vtuber\suzuhara\suzuhara_00356_0.png,18.0,18.0
dataset\vtuber\suzuhara\suzuhara_00596_0.png,18.0,18.0
dataset\vtuber\suzuhara\suzuhara_00486_0.png,18.0,18.0
dataset\vtuber\suzuhara\suzuhara_00112_0.png,18.0,18.0
dataset\vtuber\suzuhara\suzuhara_00560_0.png,18.0,18.0
dataset\vtuber\suzuhara\suzuhara_00315_0.png,18.0,18.0
dataset\vtuber\suzuhara\suzuhara_00195_0.png,18.0,18.0
dataset\vtuber\suzuhara\suzuhara_00073_0.png,18.0,18.0
dataset\vtuber\suzuhara\suzuhara_00650_0.png,18.0,18.0
dataset\vtuber\suzuhara\suzuhara_00636_0.png,18.0,18.0
dataset\vtuber\suzuhara\suzuhara_00221_0.png,18.0,18.0
dataset\vtuber\suzuhara\suzuhara_00184_0.png,18.0,18.0
dataset\vtuber\suzuhara\suzuhara_00391_0.png,18.0,18.0
dataset\vtuber\suzuhara\suzuhara_00432_0.png,18.0,18.0
dataset\vtuber\suzuhara\suzuhara_00405_0.png,18.0,18.0
dataset\vtuber\suzuhara\suzuhara_00585_0.png,18.0,18.0
dataset\vtuber\suzuhara\suzuhara_00162_0.png,18.0,18.0
dataset\vtuber\suzuhara\suzuhara_00061_0.png,18.0,18.0
dataset\vtuber\suzuhara\suzuhara_00434_0.png,18.0,18.0
dataset\vtuber\suzuhara\suzuhara_00614_0.png,18.0,18.0
dataset\vtuber\yorumi\yorumi_00369_0.png,19.0,19.0
dataset\vtuber\yorumi\yorumi_00222_0.png,19.0,19.0
dataset\vtuber\yorumi\yorumi_00129_0.png,19.0,19.0
dataset\vtuber\yorumi\yorumi_00095_0.png,19.0,19.0
dataset\vtuber\yorumi\yorumi_00389_0.png,19.0,19.0
dataset\vtuber\yorumi\yorumi_00680_0.png,19.0,19.0
dataset\vtuber\yorumi\yorumi_00447_0.png,19.0,19.0
dataset\vtuber\yorumi\yorumi_00351_0.png,19.0,19.0
dataset\vtuber\yorumi\yorumi_00035_0.png,19.0,19.0
dataset\vtuber\yorumi\yorumi_00672_0.png,19.0,19.0
dataset\vtuber\yorumi\yorumi_00021_0.png,19.0,19.0
dataset\vtuber\yorumi\yorumi_00278_0.png,19.0,19.0
dataset\vtuber\yorumi\yorumi_00341_0.png,19.0,19.0
dataset\vtuber\yorumi\yorumi_00034_0.png,19.0,19.0
dataset\vtuber\yorumi\yorumi_00472_0.png,19.0,19.0
dataset\vtuber\yorumi\yorumi_00464_0.png,19.0,19.0
dataset\vtuber\yorumi\yorumi_00370_0.png,19.0,19.0
dataset\vtuber\yorumi\yorumi_00503_0.png,19.0,19.0
dataset\vtuber\yorumi\yorumi_00643_0.png,19.0,19.0
dataset\vtuber\yorumi\yorumi_00457_0.png,19.0,19.0
dataset\vtuber\yorumi\yorumi_00573_0.png,19.0,19.0
dataset\vtuber\yorumi\yorumi_00039_0.png,19.0,19.0
dataset\vtuber\yorumi\yorumi_00022_0.png,19.0,19.0
dataset\vtuber\yorumi\yorumi_00406_0.png,19.0,19.0
dataset\vtuber\yorumi\yorumi_00491_0.png,19.0,19.0
dataset\vtuber\yorumi\yorumi_00185_0.png,19.0,19.0
dataset\vtuber\yorumi\yorumi_00166_0.png,19.0,19.0
dataset\vtuber\yorumi\yorumi_00685_0.png,19.0,19.0
dataset\vtuber\yorumi\yorumi_00455_0.png,19.0,19.0
dataset\vtuber\yorumi\yorumi_00559_0.png,19.0,19.0
dataset\vtuber\yorumi\yorumi_00582_0.png,19.0,19.0
dataset\vtuber\yorumi\yorumi_00484_0.png,19.0,19.0
dataset\vtuber\yorumi\yorumi_00409_0.png,19.0,19.0
dataset\vtuber\yorumi\yorumi_00102_0.png,19.0,19.0
dataset\vtuber\yorumi\yorumi_00211_0.png,19.0,19.0
dataset\vtuber\yorumi\yorumi_00354_0.png,19.0,19.0
dataset\vtuber\yorumi\yorumi_00420_0.png,19.0,19.0
dataset\vtuber\yorumi\yorumi_00075_0.png,19.0,19.0
dataset\vtuber\yorumi\yorumi_00270_0.png,19.0,19.0
dataset\vtuber\yorumi\yorumi_00569_0.png,19.0,19.0
dataset\vtuber\yorumi\yorumi_00174_0.png,19.0,19.0
dataset\vtuber\yorumi\yorumi_00193_0.png,19.0,19.0
dataset\vtuber\yorumi\yorumi_00365_0.png,19.0,19.0
dataset\vtuber\yorumi\yorumi_00357_0.png,19.0,19.0
dataset\vtuber\yorumi\yorumi_00296_0.png,19.0,19.0
dataset\vtuber\yorumi\yorumi_00462_0.png,19.0,19.0
dataset\vtuber\yorumi\yorumi_00681_0.png,19.0,19.0
dataset\vtuber\yorumi\yorumi_00520_0.png,19.0,19.0
dataset\vtuber\yorumi\yorumi_00176_0.png,19.0,19.0
dataset\vtuber\yorumi\yorumi_00548_0.png,19.0,19.0
